roi,ducdenemours,dit,81
roi,ducdenemours,dit,81
roi,ducdenemours,dit,98
roi,ducdenemours,donne,109
roi,ducdenemours,dit,110
roi,ducdenemours,dit,111
roi,ducdenemours,dit,111
roi,ducdenemours,dit,130
roi,ducdenemours,donne,130
roi,ducdenemours,dit,130
roi,ducdenemours,donne,130
roi,ducdenemours,dit,131
roi,ducdenemours,dit,139
roi,ducdenemours,dit,139
roi,ducdenemours,dit,139
roi,ducdenemours,voyait,139
roi,ducdenemours,dit,148
roi,ducdenemours,dit,155
roi,ducdenemours,dit,168
roi,ducdenemours,donnait,177
roi,ducdenemours,donnait,185
roi,ducdenemours,dit,196
roi,ducdenemours,dit,236
d'ecosse,reine,voyait,79
d'ecosse,reine,donnait,79
vidamedechartres,roi,dit,148
vidamedechartres,roi,regardait,148
vidamedechartres,roi,dit,168
dauphine,marechal,donne,78
dauphine,marechal,voyait,108
dauphine,marechal,donnait,110
dauphine,marechal,dit,110
dauphine,marechal,dit,111
dauphine,marechal,dit,112
dauphine,marechal,dit,112
dauphine,marechal,dit,112
dauphine,conde,voyait,108
dauphine,conde,donnait,110
dauphine,conde,dit,111
roi,reine,donnait,91
roi,reine,donnait,91
roi,reine,vu,101
roi,reine,vu,108
roi,reine,vu,108
roi,reine,vu,108
roi,reine,vu,108
roi,reine,dit,130
roi,reine,donne,130
roi,reine,dit,130
roi,reine,voyait,140
roi,reine,donnait,140
roi,reine,vu,141
roi,reine,dansait,141
roi,reine,vu,141
roi,reine,dansait,141
roi,reine,vint,143
roi,reine,vint,143
roi,reine,dit,148
roi,reine,donne,162
roi,reine,dit,207
roi,reine,dit,207
roi,reine,dit,207
roi,reine,dit,210
roi,reine,dit,210
roi,reine,donne,216
madamedechartres,cour,donne,89
madamedechartres,cour,dit,101
madamedechartres,cour,dit,129
madamedechartres,cour,vint,129
lorraine,chatelart,donne,90
lorraine,chatelart,donne,90
princessedecleves,sancerre,donne,119
princessedecleves,sancerre,donnait,119
reine,dauphine,donne,90
reine,dauphine,donne,90
reine,dauphine,voyait,108
reine,dauphine,voyait,108
reine,dauphine,dit,108
reine,dauphine,donne,109
reine,dauphine,dit,111
reine,dauphine,vint,144
reine,dauphine,dit,166
reine,dauphine,vu,166
reine,dauphine,dit,166
reine,dauphine,dit,169
reine,dauphine,voyait,169
reine,dauphine,donnait,169
reine,dauphine,dit,169
reine,dauphine,voyait,169
reine,dauphine,donnait,169
reine,dauphine,regardait,171
reine,dauphine,donne,171
reine,dauphine,donne,171
reine,dauphine,dit,196
monsieurdeguise,vidamedechartres,donne,155
lignerolles,ducdenemours,dit,130
lignerolles,ducdenemours,donne,130
monsieurdecleves,chatelart,dit,168
dauphine,roi,donne,78
dauphine,roi,donne,91
dauphine,roi,dit,108
dauphine,roi,dit,110
dauphine,roi,dit,130
dauphine,roi,dit,130
dauphine,roi,dit,130
dauphine,roi,donne,130
dauphine,roi,vint,141
dauphine,roi,vint,141
dauphine,roi,dit,148
dauphine,roi,regardait,148
dauphine,roi,dit,148
dauphine,roi,regardait,148
dauphine,roi,donne,155
dauphine,roi,regardait,191
dauphine,roi,donnait,191
dauphine,roi,donnait,191
conde,madamedechartres,rougit,111
princessedecleves,duchessedemercoeur,donnait,177
princessedecleves,duchessedemercoeur,donnait,177
princessedecleves,duchessedemercoeur,vu,224
princessedecleves,duchessedemercoeur,dit,225
roi,henri,vu,141
roi,henri,dansait,141
roi,henri,vu,141
roi,henri,dansait,141
madamedechartres,roi,dit,101
madamedechartres,roi,dit,101
madamedechartres,roi,dit,101
madamedechartres,roi,voyait,107
ferrare,ducdenemours,dit,155
lorraine,madamedechartres,dit,89
lorraine,madamedechartres,donne,89
chevalierdeguise,lorraine,voyait,88
conde,roi,dit,108
martigues,roi,dit,191
martigues,roi,regardait,191
martigues,roi,donnait,191
princessedecleves,dauphine,dit,99
princessedecleves,dauphine,dit,99
princessedecleves,dauphine,vu,108
princessedecleves,dauphine,voyait,108
princessedecleves,dauphine,dit,111
princessedecleves,dauphine,dit,111
princessedecleves,dauphine,rougit,111
princessedecleves,dauphine,dit,111
princessedecleves,dauphine,dit,111
princessedecleves,dauphine,rougit,111
princessedecleves,dauphine,rougit,111
princessedecleves,dauphine,rougit,111
princessedecleves,dauphine,dit,129
princessedecleves,dauphine,dit,134
princessedecleves,dauphine,voyait,135
princessedecleves,dauphine,voyait,139
princessedecleves,dauphine,dit,141
princessedecleves,dauphine,vint,144
princessedecleves,dauphine,dit,166
princessedecleves,dauphine,dit,169
princessedecleves,dauphine,voyait,169
princessedecleves,dauphine,donnait,169
princessedecleves,dauphine,dit,169
princessedecleves,dauphine,donnait,169
princessedecleves,dauphine,dit,169
princessedecleves,dauphine,donnait,169
princessedecleves,dauphine,dit,169
princessedecleves,dauphine,dit,169
princessedecleves,dauphine,donne,171
princessedecleves,dauphine,dit,173
princessedecleves,dauphine,dit,193
princessedecleves,dauphine,voyait,194
princessedecleves,dauphine,donnait,194
princessedecleves,dauphine,donnait,194
princessedecleves,dauphine,dit,196
princessedecleves,dauphine,dit,196
princessedecleves,dauphine,dit,196
princessedecleves,dauphine,dit,211
princessedecleves,dauphine,donne,212
valet,ducdenemours,dit,156
navarre,reine,vu,141
navarre,reine,dansait,141
roi,navarre,dit,210
roi,navarre,dit,210
roi,navarre,dit,210
roi,navarre,dit,210
monsieurdecleves,marechal,vint,186
monsieurdecleves,marechal,donnait,185
madamedechartres,dauphine,donnait,91
madamedechartres,dauphine,dit,111
cour,marechal,dit,110
cour,marechal,donnait,110
cour,marechal,dit,120
valentinois,cour,vint,120
valentinois,cour,donne,216
monsieurdecleves,dampierre,dit,85
monsieurdecleves,dampierre,vint,84
reine,valentinois,donne,91
reine,valentinois,donne,91
reine,valentinois,donne,91
reine,valentinois,voyait,209
reine,valentinois,voyait,209
roi,madamedechartres,regardait,100
roi,madamedechartres,vu,101
roi,madamedechartres,donnait,106
chatelart,vidamedechartres,vint,156
chatelart,vidamedechartres,vint,156
chatelart,vidamedechartres,dit,166
ducdenemours,elisabeth,dit,81
marechal,dauphine,vu,108
marechal,dauphine,rougit,111
marechal,dauphine,rougit,111
princessedecleves,tournon,donnait,119
martigues,monsieurdecleves,donne,217
martigues,monsieurdecleves,vu,217
martigues,monsieurdecleves,vu,217
princessedecleves,madamedechartres,dit,89
princessedecleves,madamedechartres,donnait,95
princessedecleves,madamedechartres,regardait,100
princessedecleves,madamedechartres,vu,101
princessedecleves,madamedechartres,donne,107
princessedecleves,madamedechartres,rougit,111
princessedecleves,madamedechartres,dit,113
princessedecleves,madamedechartres,dit,129
dauphine,madamedechartres,dit,110
dauphine,madamedechartres,rougit,111
dauphine,madamedechartres,dit,113
dauphine,madamedechartres,dit,113
dauphine,madamedechartres,voyait,116
dauphine,madamedechartres,donnait,116
dauphin,reine,voyait,79
dauphin,reine,donnait,79
dauphin,reine,vu,108
dauphin,reine,vu,108
dauphin,reine,vu,108
ducdenemours,reine,dit,110
ducdenemours,reine,dit,114
ducdenemours,reine,dit,130
ducdenemours,reine,donne,130
ducdenemours,reine,dit,130
ducdenemours,reine,voyait,140
ducdenemours,reine,donnait,140
ducdenemours,reine,dit,148
ducdenemours,reine,dit,148
ducdenemours,reine,regardait,148
ducdenemours,reine,dit,148
ducdenemours,reine,regardait,148
ducdenemours,reine,dit,166
ducdenemours,reine,vu,166
ducdenemours,reine,dit,166
ducdenemours,reine,dit,169
ducdenemours,reine,voyait,169
ducdenemours,reine,donnait,169
ducdenemours,reine,dit,170
ducdenemours,reine,regardait,171
ducdenemours,reine,donne,171
ducdenemours,reine,dit,191
ducdenemours,reine,regardait,191
ducdenemours,reine,donnait,191
ducdenemours,reine,donnait,191
ducdenemours,reine,dit,193
ducdenemours,reine,dit,193
ducdenemours,reine,dit,207
ducdenemours,reine,dit,207
ducdenemours,reine,dit,207
ducdenemours,reine,dit,207
ducdenemours,reine,donne,216
dauphine,nevers,donne,212
chatelart,roi,dit,148
chatelart,roi,regardait,148
chatelart,roi,dit,148
chatelart,roi,regardait,148
duchessedemercoeur,princessedecleves,dit,224
duchessedemercoeur,princessedecleves,dit,224
duchessedemercoeur,princessedecleves,regardait,224
duchessedemercoeur,princessedecleves,regardait,224
duchessedemercoeur,princessedecleves,regardait,224
duchessedemercoeur,princessedecleves,vu,224
dauphin,d'anville,voyait,79
dauphin,d'anville,donnait,79
navarre,roi,vu,84
navarre,roi,vu,141
navarre,roi,dansait,141
navarre,roi,voyait,209
valentinois,sancerre,vint,120
princessedecleves,valentinois,vu,101
princessedecleves,valentinois,dit,196
ducdenemours,madamedechartres,dit,110
ducdenemours,madamedechartres,rougit,111
ducdenemours,madamedechartres,dit,113
ducdenemours,madamedechartres,dit,129
dauphine,monsieurdecleves,donnait,135
dauphine,monsieurdecleves,voyait,139
dauphine,monsieurdecleves,voyait,139
dauphine,monsieurdecleves,voyait,139
dauphine,monsieurdecleves,vint,144
dauphine,monsieurdecleves,dit,144
dauphine,monsieurdecleves,donne,155
dauphine,monsieurdecleves,dit,177
navarre,connetable,voyait,209
lignerolles,roi,dit,130
lignerolles,roi,donne,130
valentinois,reine,voyait,79
valentinois,reine,donnait,79
valentinois,reine,donnait,91
valentinois,reine,dit,196
valentinois,reine,donne,216
reine,princessedecleves,dit,92
reine,princessedecleves,donne,99
reine,princessedecleves,donne,99
reine,princessedecleves,dit,101
reine,princessedecleves,voyait,108
reine,princessedecleves,voyait,108
reine,princessedecleves,donnait,110
reine,princessedecleves,vint,144
reine,princessedecleves,vint,144
reine,princessedecleves,vint,144
reine,princessedecleves,vint,150
reine,princessedecleves,vu,150
reine,princessedecleves,donnait,150
reine,princessedecleves,vint,156
reine,princessedecleves,dit,166
reine,princessedecleves,dit,166
reine,princessedecleves,dit,169
reine,princessedecleves,voyait,169
reine,princessedecleves,dit,169
reine,princessedecleves,voyait,169
reine,princessedecleves,donnait,169
reine,princessedecleves,regardait,171
reine,princessedecleves,regardait,171
reine,princessedecleves,regardait,171
reine,princessedecleves,regardait,171
reine,princessedecleves,donne,171
reine,princessedecleves,donne,171
reine,princessedecleves,vint,173
reine,princessedecleves,dit,173
reine,princessedecleves,vint,173
reine,princessedecleves,voyait,187
reine,princessedecleves,dit,188
reine,princessedecleves,donnait,191
reine,princessedecleves,dit,196
reine,princessedecleves,donne,216
reine,princessedecleves,donne,216
reine,princessedecleves,donne,216
reine,princessedecleves,donne,216
reine,princessedecleves,vint,216
reine,princessedecleves,donne,216
reine,princessedecleves,donne,217
reine,princessedecleves,donne,217
reine,princessedecleves,dit,236
sancerre,monsieurdecleves,donne,119
sancerre,monsieurdecleves,donnait,119
vidamedechartres,dauphine,dit,193
vidamedechartres,dauphine,dit,193
lorraine,chevalierdeguise,donne,89
lorraine,chevalierdeguise,donne,89
navarre,tournon,voyait,209
princessedecleves,ducdenemours,dit,99
princessedecleves,ducdenemours,donne,99
princessedecleves,ducdenemours,donne,99
princessedecleves,ducdenemours,dit,108
princessedecleves,ducdenemours,dit,110
princessedecleves,ducdenemours,dit,111
princessedecleves,ducdenemours,dit,111
princessedecleves,ducdenemours,rougit,111
princessedecleves,ducdenemours,rougit,111
princessedecleves,ducdenemours,dit,112
princessedecleves,ducdenemours,dit,113
princessedecleves,ducdenemours,vint,113
princessedecleves,ducdenemours,vu,117
princessedecleves,ducdenemours,dit,134
princessedecleves,ducdenemours,dit,134
princessedecleves,ducdenemours,voyait,139
princessedecleves,ducdenemours,vint,144
princessedecleves,ducdenemours,vint,144
princessedecleves,ducdenemours,dit,148
princessedecleves,ducdenemours,dit,150
princessedecleves,ducdenemours,voyait,154
princessedecleves,ducdenemours,dit,155
princessedecleves,ducdenemours,donne,155
princessedecleves,ducdenemours,dit,168
princessedecleves,ducdenemours,dit,168
princessedecleves,ducdenemours,dit,168
princessedecleves,ducdenemours,dit,169
princessedecleves,ducdenemours,dit,169
princessedecleves,ducdenemours,dit,169
princessedecleves,ducdenemours,donne,171
princessedecleves,ducdenemours,dit,173
princessedecleves,ducdenemours,vint,173
princessedecleves,ducdenemours,dit,173
princessedecleves,ducdenemours,donnait,174
princessedecleves,ducdenemours,donne,175
princessedecleves,ducdenemours,donnait,177
princessedecleves,ducdenemours,dit,185
princessedecleves,ducdenemours,regardait,185
princessedecleves,ducdenemours,dit,189
princessedecleves,ducdenemours,donne,189
princessedecleves,ducdenemours,dit,192
princessedecleves,ducdenemours,dit,193
princessedecleves,ducdenemours,donnait,194
princessedecleves,ducdenemours,dit,196
princessedecleves,ducdenemours,dit,196
princessedecleves,ducdenemours,dit,199
princessedecleves,ducdenemours,dit,199
princessedecleves,ducdenemours,dit,205
princessedecleves,ducdenemours,dit,211
princessedecleves,ducdenemours,dit,211
princessedecleves,ducdenemours,dit,211
princessedecleves,ducdenemours,donne,216
princessedecleves,ducdenemours,vint,216
princessedecleves,ducdenemours,vint,216
princessedecleves,ducdenemours,vint,216
princessedecleves,ducdenemours,vu,217
princessedecleves,ducdenemours,dit,220
princessedecleves,ducdenemours,donnait,220
princessedecleves,ducdenemours,vint,221
princessedecleves,ducdenemours,dit,223
princessedecleves,ducdenemours,dit,224
princessedecleves,ducdenemours,regardait,224
princessedecleves,ducdenemours,vu,224
princessedecleves,ducdenemours,vu,224
princessedecleves,ducdenemours,vint,226
princessedecleves,ducdenemours,dit,233
princessedecleves,ducdenemours,dit,233
princessedecleves,ducdenemours,dit,233
princessedecleves,ducdenemours,dit,236
princessedecleves,ducdenemours,dit,236
princessedecleves,ducdenemours,voyait,236
princessedecleves,ducdenemours,vint,237
princessedecleves,ducdenemours,dit,237
princessedecleves,ducdenemours,vint,237
princessedecleves,ducdenemours,dit,237
princessedecleves,ducdenemours,dit,237
princessedecleves,ducdenemours,donne,237
princessedecleves,ducdenemours,vint,249
princessedecleves,ducdenemours,vint,249
princessedecleves,ducdenemours,voyait,249
princessedecleves,ducdenemours,dit,250
d'anville,roi,dit,120
d'anville,roi,dit,120
d'anville,roi,dit,130
d'anville,roi,dit,130
d'anville,roi,dit,130
d'anville,roi,donne,130
lorraine,martigues,donne,217
valet,dauphine,dit,156
martigues,ducdenemours,dit,165
martigues,ducdenemours,regardait,171
martigues,ducdenemours,dit,191
martigues,ducdenemours,regardait,191
martigues,ducdenemours,dit,191
martigues,ducdenemours,regardait,191
martigues,ducdenemours,dit,211
martigues,ducdenemours,donne,216
martigues,ducdenemours,vint,216
martigues,ducdenemours,vint,216
martigues,ducdenemours,donne,217
martigues,ducdenemours,donne,217
martigues,ducdenemours,vu,217
navarre,francois,vu,84
connetable,cour,voyait,209
reine,navarre,dit,210
reine,navarre,dit,210
tournon,marechal,vint,120
cour,roi,donnait,80
cour,roi,dit,81
cour,roi,regardait,100
cour,roi,dit,120
cour,roi,dit,120
cour,roi,donnait,140
cour,roi,vint,143
cour,roi,vint,210
ducdenemours,marechal,dit,110
ducdenemours,marechal,donnait,110
ducdenemours,marechal,dit,110
ducdenemours,marechal,dit,110
ducdenemours,marechal,dit,112
ducdenemours,marechal,vint,186
ducdenemours,marechal,dit,188
connetable,marechal,donne,162
ducdenemours,gentilhomme,donnait,191
ducdenemours,gentilhomme,dit,218
ducdenemours,gentilhomme,vint,221
ducdenemours,gentilhomme,vu,221
ducdenemours,gentilhomme,vint,221
ducdenemours,gentilhomme,vu,221
reine,ducdenemours,donne,99
reine,ducdenemours,donne,99
reine,ducdenemours,dit,108
reine,ducdenemours,voyait,108
reine,ducdenemours,dit,108
reine,ducdenemours,dit,108
reine,ducdenemours,donne,109
reine,ducdenemours,dit,110
reine,ducdenemours,donnait,110
reine,ducdenemours,dit,111
reine,ducdenemours,dit,130
reine,ducdenemours,donne,130
reine,ducdenemours,vint,144
reine,ducdenemours,vint,144
reine,ducdenemours,vint,144
reine,ducdenemours,dit,148
reine,ducdenemours,dit,148
reine,ducdenemours,regardait,148
reine,ducdenemours,dit,148
reine,ducdenemours,regardait,148
reine,ducdenemours,vint,156
reine,ducdenemours,dit,166
reine,ducdenemours,vu,166
reine,ducdenemours,dit,166
reine,ducdenemours,dit,166
reine,ducdenemours,dit,169
reine,ducdenemours,regardait,171
reine,ducdenemours,regardait,171
reine,ducdenemours,regardait,171
reine,ducdenemours,donne,171
reine,ducdenemours,donne,171
reine,ducdenemours,dit,173
reine,ducdenemours,vint,173
reine,ducdenemours,dit,188
reine,ducdenemours,dit,188
reine,ducdenemours,dit,192
reine,ducdenemours,dit,196
reine,ducdenemours,donne,216
reine,ducdenemours,donne,217
reine,ducdenemours,donne,217
reine,ducdenemours,vint,230
reine,ducdenemours,dit,236
reine,ducdenemours,dit,250
madamedechartres,nevers,donne,89
madamedechartres,nevers,donne,89
cour,valentinois,dit,120
marechal,roi,donnait,80
marechal,roi,dit,108
marechal,roi,dit,120
marechal,roi,dit,120
marechal,roi,donne,120
ducdenemours,cour,donnait,100
ducdenemours,cour,dit,110
ducdenemours,cour,donne,110
ducdenemours,cour,vint,118
ducdenemours,cour,dit,129
ducdenemours,cour,vint,129
ducdenemours,cour,vint,186
ducdenemours,cour,donnait,185
ducdenemours,cour,vint,186
ducdenemours,cour,dit,188
ducdenemours,cour,donne,216
henri,valentinois,donnait,75
madamedechartres,marechal,voyait,107
madamedechartres,marechal,dit,111
madamedechartres,marechal,dit,112
monsieurdeguise,ferrare,donne,155
ducdenemours,chatelart,dit,148
ducdenemours,chatelart,regardait,148
ducdenemours,chatelart,dit,148
ducdenemours,chatelart,regardait,148
ducdenemours,chatelart,dit,168
roi,sancerre,vint,120
roi,sancerre,donne,121
roi,sancerre,dit,121
princessedecleves,chevalierdeguise,donne,86
princessedecleves,chevalierdeguise,voyait,95
princessedecleves,chevalierdeguise,donne,99
princessedecleves,chevalierdeguise,dit,150
princessedecleves,chevalierdeguise,dit,188
princessedecleves,chevalierdeguise,dit,188
martigues,princessedecleves,regardait,171
martigues,princessedecleves,dit,191
martigues,princessedecleves,regardait,191
martigues,princessedecleves,donnait,191
martigues,princessedecleves,dit,193
martigues,princessedecleves,donne,216
martigues,princessedecleves,donne,216
martigues,princessedecleves,donne,216
martigues,princessedecleves,donne,216
martigues,princessedecleves,vint,216
martigues,princessedecleves,vint,216
martigues,princessedecleves,vint,216
martigues,princessedecleves,vint,216
martigues,princessedecleves,vu,216
martigues,princessedecleves,donne,217
martigues,princessedecleves,donne,217
martigues,princessedecleves,donne,217
martigues,princessedecleves,donne,217
cour,princessedecleves,voyait,88
cour,princessedecleves,dit,110
cour,princessedecleves,donnait,110
cour,princessedecleves,dit,118
cour,princessedecleves,donnait,140
cour,princessedecleves,vint,144
cour,princessedecleves,vint,144
cour,princessedecleves,voyait,194
cour,princessedecleves,donnait,194
cour,princessedecleves,voyait,194
cour,princessedecleves,donnait,194
cour,princessedecleves,dit,204
cour,princessedecleves,voyait,211
cour,princessedecleves,donne,216
cour,princessedecleves,donne,216
cour,princessedecleves,donne,216
cour,princessedecleves,donne,216
cour,princessedecleves,donne,217
reine,elisabeth,donne,76
lorraine,cour,donne,89
roi,duchessedemercoeur,donnait,177
dauphin,lorraine,donnait,79
princessedecleves,nevers,vu,87
princessedecleves,nevers,dit,92
princessedecleves,nevers,donne,212
madamedechartres,connetable,dit,101
madamedechartres,connetable,vu,101
d'ecosse,connetable,voyait,79
d'ecosse,connetable,donnait,79
navarre,cour,vu,84
navarre,cour,voyait,209
navarre,cour,voyait,209
princessedecleves,poitiers,vu,101
d'anville,reine,donnait,91
d'anville,reine,donnait,91
d'anville,reine,dit,130
marguerite,reine,vu,141
marguerite,reine,dansait,141
reine,chevalierdeguise,donne,99
reine,chevalierdeguise,dit,188
gentilhomme,princessedecleves,vint,156
gentilhomme,princessedecleves,dit,218
marechal,reine,vu,108
marechal,reine,vu,108
marechal,reine,vu,108
marguerite,roi,vu,141
marguerite,roi,dansait,141
princessedecleves,chatelart,dit,148
princessedecleves,chatelart,regardait,148
princessedecleves,chatelart,dit,166
princessedecleves,chatelart,dit,171
princessedecleves,chatelart,dit,173
madamedechartres,ducdenemours,voyait,107
madamedechartres,ducdenemours,dit,111
madamedechartres,ducdenemours,dit,111
madamedechartres,ducdenemours,dit,112
madamedechartres,ducdenemours,vint,113
madamedechartres,ducdenemours,vu,117
madamedechartres,ducdenemours,dit,146
chatelart,ducdenemours,dit,148
chatelart,ducdenemours,vint,156
chatelart,ducdenemours,dit,166
chatelart,ducdenemours,dit,168
d'anville,ducdenemours,dit,130
d'anville,ducdenemours,dit,130
d'anville,ducdenemours,dit,130
d'anville,ducdenemours,donne,130
d'anville,ducdenemours,dit,131
ducdenemours,chevalierdeguise,donne,99
ducdenemours,chevalierdeguise,donne,99
ducdenemours,chevalierdeguise,dit,150
ducdenemours,chevalierdeguise,vint,186
ducdenemours,chevalierdeguise,donnait,185
ducdenemours,chevalierdeguise,vint,186
ducdenemours,chevalierdeguise,dit,188
lorraine,monsieurdecleves,donne,217
chevalierdeguise,ducdenemours,donne,99
chevalierdeguise,ducdenemours,donne,99
chevalierdeguise,ducdenemours,dit,148
chevalierdeguise,ducdenemours,dit,188
chevalierdeguise,ducdenemours,dit,188
cour,ducdenemours,dit,81
cour,ducdenemours,dit,110
cour,ducdenemours,donnait,110
cour,ducdenemours,dit,137
cour,ducdenemours,voyait,139
cour,ducdenemours,donnait,140
cour,ducdenemours,vint,144
cour,ducdenemours,vint,144
cour,ducdenemours,voyait,194
cour,ducdenemours,donnait,194
cour,ducdenemours,voyait,211
cour,ducdenemours,dit,211
cour,ducdenemours,dit,211
cour,ducdenemours,donne,216
cour,ducdenemours,donne,217
navarre,valentinois,voyait,209
valentinois,lorraine,donnait,79
princessedecleves,lorraine,voyait,88
princessedecleves,lorraine,dit,89
monsieurdecleves,monsieurdeguise,dit,155
vidamedechartres,monsieurdecleves,dit,198
monsieurdeguise,ducdenemours,dit,139
monsieurdeguise,ducdenemours,dit,155
monsieurdeguise,ducdenemours,donne,155
ducdenemours,lorraine,dit,207
ducdenemours,lorraine,dit,207
reine,cour,dit,188
reine,cour,voyait,209
reine,cour,dit,210
sancerre,madamedechartres,dit,129
dauphin,connetable,voyait,79
dauphin,connetable,donnait,79
lorraine,reine,voyait,79
ducdenemours,monsieurdecleves,vint,118
ducdenemours,monsieurdecleves,vint,118
ducdenemours,monsieurdecleves,voyait,139
ducdenemours,monsieurdecleves,voyait,139
ducdenemours,monsieurdecleves,dit,146
ducdenemours,monsieurdecleves,donne,155
ducdenemours,monsieurdecleves,dit,168
ducdenemours,monsieurdecleves,dit,169
ducdenemours,monsieurdecleves,voyait,175
ducdenemours,monsieurdecleves,dit,177
ducdenemours,monsieurdecleves,dit,188
ducdenemours,monsieurdecleves,dit,198
ducdenemours,monsieurdecleves,vu,217
ducdenemours,monsieurdecleves,vu,217
ducdenemours,monsieurdecleves,vint,221
ducdenemours,monsieurdecleves,vu,221
ducdenemours,monsieurdecleves,vint,230
connetable,valentinois,voyait,209
roi,tournon,dit,121
roi,tournon,dit,121
roi,tournon,dit,121
roi,tournon,dit,129
roi,tournon,voyait,209
roi,tournon,voyait,209
roi,tournon,voyait,209
henri,marguerite,vint,141
ducdenemours,vidamedechartres,dit,114
ducdenemours,vidamedechartres,donne,155
ducdenemours,vidamedechartres,vint,156
ducdenemours,vidamedechartres,donne,157
ducdenemours,vidamedechartres,dit,168
ducdenemours,vidamedechartres,dit,170
ducdenemours,vidamedechartres,dit,173
ducdenemours,vidamedechartres,vint,173
ducdenemours,vidamedechartres,dit,173
ducdenemours,vidamedechartres,vint,173
ducdenemours,vidamedechartres,dit,193
ducdenemours,vidamedechartres,dit,193
ducdenemours,vidamedechartres,dit,193
ducdenemours,vidamedechartres,dit,198
ducdenemours,vidamedechartres,dit,198
ducdenemours,vidamedechartres,dit,198
ducdenemours,vidamedechartres,dit,198
ducdenemours,vidamedechartres,dit,207
ducdenemours,vidamedechartres,dit,207
marechal,d'anville,donne,120
marechal,d'anville,donne,121
monsieurdecleves,sancerre,donnait,119
monsieurdecleves,roi,dit,137
monsieurdecleves,roi,dit,146
monsieurdecleves,roi,dit,146
monsieurdecleves,roi,dit,168
monsieurdecleves,roi,dit,168
monsieurdecleves,roi,dit,168
monsieurdecleves,roi,donnait,177
d'ecosse,lorraine,donnait,79
d'anville,martigues,dit,131
dampierre,princessedecleves,dit,85
dampierre,princessedecleves,dit,85
reine,lorraine,donnait,79
reine,lorraine,donnait,79
reine,lorraine,donnait,79
reine,lorraine,dit,207
reine,lorraine,dit,207
reine,lorraine,dit,207
princessedecleves,henri,dit,141
princessedecleves,henri,dit,141
princessedecleves,henri,vint,141
princessedecleves,conde,voyait,108
princessedecleves,conde,dit,111
princessedecleves,conde,dit,111
connetable,princessedecleves,dit,101
connetable,princessedecleves,dit,101
roi,connetable,vu,101
roi,connetable,dit,206
roi,connetable,voyait,209
roi,connetable,voyait,209
roi,connetable,voyait,209
sancerre,marechal,vint,120
sancerre,marechal,dit,120
henri,reine,vint,141
henri,reine,vint,141
henri,reine,vint,143
madamedechartres,tournon,dit,146
monsieurdecleves,chevalierdeguise,donne,86
monsieurdecleves,chevalierdeguise,donne,89
monsieurdecleves,chevalierdeguise,voyait,95
monsieurdecleves,chevalierdeguise,vint,186
monsieurdecleves,chevalierdeguise,donnait,185
marechal,valentinois,dit,120
marechal,valentinois,donne,121
valentinois,tournon,dit,121
valentinois,tournon,dit,121
marguerite,henri,vu,141
marguerite,henri,dansait,141
valentinois,d'anville,vint,120
sancerre,roi,vint,120
sancerre,roi,dit,120
sancerre,roi,dit,120
princessedecleves,vidamedechartres,donne,155
princessedecleves,vidamedechartres,donne,157
princessedecleves,vidamedechartres,dit,170
princessedecleves,vidamedechartres,dit,171
princessedecleves,vidamedechartres,dit,173
princessedecleves,vidamedechartres,dit,193
princessedecleves,vidamedechartres,dit,193
princessedecleves,vidamedechartres,dit,193
princessedecleves,vidamedechartres,donne,236
dauphin,conde,dit,111
reine,henri,vu,141
reine,henri,dansait,141
reine,henri,vu,141
reine,henri,dansait,141
reine,henri,vu,141
reine,henri,dansait,141
reine,conde,voyait,108
reine,conde,voyait,108
reine,conde,donnait,110
reine,conde,dit,111
reine,conde,dit,210
vidamedechartres,chatelart,dit,148
vidamedechartres,chatelart,regardait,148
dauphine,chatelart,dit,148
dauphine,chatelart,regardait,148
vidamedechartres,ferrare,donne,155
dauphine,martigues,donne,212
tournon,monsieurdecleves,donne,119
roi,monsieurdecleves,vu,84
roi,monsieurdecleves,dit,129
roi,monsieurdecleves,voyait,139
ducdenemours,tournon,dit,146
sancerre,princessedecleves,donnait,119
henri,roi,vint,141
henri,roi,vint,141
reine,vidamedechartres,dit,156
reine,vidamedechartres,dit,156
reine,vidamedechartres,vint,156
reine,vidamedechartres,dit,166
reine,vidamedechartres,dit,166
reine,vidamedechartres,dit,173
reine,vidamedechartres,vint,173
reine,vidamedechartres,dit,193
reine,vidamedechartres,dit,207
reine,vidamedechartres,dit,207
reine,vidamedechartres,dit,207
ferrare,reine,dit,207
ferrare,reine,dit,207
monsieurdecleves,ducdenemours,dit,137
monsieurdecleves,ducdenemours,dit,144
monsieurdecleves,ducdenemours,dit,145
monsieurdecleves,ducdenemours,donne,145
monsieurdecleves,ducdenemours,dit,146
monsieurdecleves,ducdenemours,dit,155
monsieurdecleves,ducdenemours,dit,168
monsieurdecleves,ducdenemours,dit,168
monsieurdecleves,ducdenemours,dit,168
monsieurdecleves,ducdenemours,dit,168
monsieurdecleves,ducdenemours,dit,168
monsieurdecleves,ducdenemours,dit,168
monsieurdecleves,ducdenemours,dit,168
monsieurdecleves,ducdenemours,dit,169
monsieurdecleves,ducdenemours,donne,175
monsieurdecleves,ducdenemours,donne,176
monsieurdecleves,ducdenemours,donnait,185
monsieurdecleves,ducdenemours,voyait,189
monsieurdecleves,ducdenemours,dit,198
monsieurdecleves,ducdenemours,dit,198
monsieurdecleves,ducdenemours,dit,199
monsieurdecleves,ducdenemours,vu,213
monsieurdecleves,ducdenemours,vu,213
monsieurdecleves,ducdenemours,regardait,235
monsieurdecleves,ducdenemours,dit,241
monsieurdecleves,ducdenemours,vu,245
connetable,tournon,voyait,209
dauphine,princessedecleves,voyait,108
dauphine,princessedecleves,donnait,110
dauphine,princessedecleves,dit,111
dauphine,princessedecleves,dit,112
dauphine,princessedecleves,dit,112
dauphine,princessedecleves,dit,113
dauphine,princessedecleves,vint,113
dauphine,princessedecleves,dit,113
dauphine,princessedecleves,vint,113
dauphine,princessedecleves,dit,139
dauphine,princessedecleves,vint,144
dauphine,princessedecleves,vint,144
dauphine,princessedecleves,vint,144
dauphine,princessedecleves,dit,144
dauphine,princessedecleves,dit,144
dauphine,princessedecleves,vu,145
dauphine,princessedecleves,dit,155
dauphine,princessedecleves,donne,155
dauphine,princessedecleves,dit,166
dauphine,princessedecleves,dit,168
dauphine,princessedecleves,dit,168
dauphine,princessedecleves,dit,169
dauphine,princessedecleves,voyait,169
dauphine,princessedecleves,dit,169
dauphine,princessedecleves,voyait,169
dauphine,princessedecleves,donnait,169
dauphine,princessedecleves,regardait,171
dauphine,princessedecleves,regardait,171
dauphine,princessedecleves,regardait,171
dauphine,princessedecleves,donne,171
dauphine,princessedecleves,donne,173
dauphine,princessedecleves,vint,173
dauphine,princessedecleves,dit,173
dauphine,princessedecleves,vint,173
dauphine,princessedecleves,voyait,187
dauphine,princessedecleves,regardait,191
dauphine,princessedecleves,donnait,191
dauphine,princessedecleves,donnait,191
dauphine,princessedecleves,dit,192
dauphine,princessedecleves,donne,192
dauphine,princessedecleves,dit,193
dauphine,princessedecleves,voyait,194
dauphine,princessedecleves,donnait,194
dauphine,princessedecleves,dit,196
conde,dauphine,dit,108
conde,dauphine,donne,109
conde,dauphine,rougit,111
dauphin,roi,donnait,80
dauphin,roi,donnait,103
valentinois,princessedecleves,donnait,91
valentinois,princessedecleves,dit,196
valentinois,princessedecleves,dit,196
valentinois,princessedecleves,donne,216
cour,conde,dit,110
cour,conde,donnait,110
chatelart,reine,dit,148
chatelart,reine,dit,148
chatelart,reine,regardait,148
chatelart,reine,dit,166
chatelart,reine,dit,166
valet,chatelart,dit,156
valet,chatelart,dit,156
ducdenemours,lignerolles,dit,130
chevalierdeguise,chatelart,dit,148
chevalierdeguise,chatelart,regardait,148
valentinois,dauphin,dit,103
roi,cour,vu,84
roi,cour,dit,101
roi,cour,vint,120
roi,cour,vint,186
roi,cour,donnait,185
roi,cour,voyait,209
roi,cour,voyait,209
roi,cour,voyait,209
roi,cour,voyait,209
roi,cour,voyait,209
roi,cour,dit,210
roi,cour,donne,216
reine,d'anville,voyait,79
reine,d'anville,donnait,79
reine,d'anville,voyait,79
reine,d'anville,donnait,79
reine,d'anville,voyait,79
reine,d'anville,donnait,79
reine,d'anville,donne,90
ducdenemours,dauphine,dit,99
ducdenemours,dauphine,dit,99
ducdenemours,dauphine,donne,109
ducdenemours,dauphine,dit,110
ducdenemours,dauphine,rougit,111
ducdenemours,dauphine,dit,114
ducdenemours,dauphine,dit,129
ducdenemours,dauphine,voyait,135
ducdenemours,dauphine,dit,139
ducdenemours,dauphine,voyait,139
ducdenemours,dauphine,dit,145
ducdenemours,dauphine,vu,145
ducdenemours,dauphine,dit,166
ducdenemours,dauphine,vu,166
ducdenemours,dauphine,dit,166
ducdenemours,dauphine,dit,168
ducdenemours,dauphine,dit,169
ducdenemours,dauphine,voyait,169
ducdenemours,dauphine,donnait,169
ducdenemours,dauphine,dit,169
ducdenemours,dauphine,voyait,169
ducdenemours,dauphine,donnait,169
ducdenemours,dauphine,donne,171
ducdenemours,dauphine,dit,191
ducdenemours,dauphine,dit,191
ducdenemours,dauphine,regardait,191
ducdenemours,dauphine,donnait,191
ducdenemours,dauphine,donnait,191
ducdenemours,dauphine,donne,192
ducdenemours,dauphine,dit,193
ducdenemours,dauphine,dit,193
ducdenemours,dauphine,dit,193
ducdenemours,dauphine,dit,193
ducdenemours,dauphine,dit,193
ducdenemours,dauphine,dit,196
ducdenemours,dauphine,dit,196
ducdenemours,dauphine,dit,211
marechal,madamedechartres,rougit,111
sancerre,valentinois,dit,120
ducdenemours,princessedecleves,dit,99
ducdenemours,princessedecleves,donne,99
ducdenemours,princessedecleves,donne,99
ducdenemours,princessedecleves,donne,99
ducdenemours,princessedecleves,donnait,100
ducdenemours,princessedecleves,dit,110
ducdenemours,princessedecleves,donnait,110
ducdenemours,princessedecleves,dit,112
ducdenemours,princessedecleves,dit,113
ducdenemours,princessedecleves,vint,113
ducdenemours,princessedecleves,dit,114
ducdenemours,princessedecleves,vint,118
ducdenemours,princessedecleves,dit,118
ducdenemours,princessedecleves,vint,118
ducdenemours,princessedecleves,dit,139
ducdenemours,princessedecleves,vu,145
ducdenemours,princessedecleves,vu,145
ducdenemours,princessedecleves,dit,145
ducdenemours,princessedecleves,vu,145
ducdenemours,princessedecleves,donne,149
ducdenemours,princessedecleves,donne,149
ducdenemours,princessedecleves,vint,150
ducdenemours,princessedecleves,vu,150
ducdenemours,princessedecleves,donnait,150
ducdenemours,princessedecleves,dit,150
ducdenemours,princessedecleves,dit,166
ducdenemours,princessedecleves,vu,166
ducdenemours,princessedecleves,dit,168
ducdenemours,princessedecleves,dit,168
ducdenemours,princessedecleves,dit,168
ducdenemours,princessedecleves,dit,168
ducdenemours,princessedecleves,voyait,169
ducdenemours,princessedecleves,dit,169
ducdenemours,princessedecleves,voyait,169
ducdenemours,princessedecleves,donnait,169
ducdenemours,princessedecleves,dit,170
ducdenemours,princessedecleves,regardait,171
ducdenemours,princessedecleves,donne,171
ducdenemours,princessedecleves,donne,171
ducdenemours,princessedecleves,donne,173
ducdenemours,princessedecleves,vint,173
ducdenemours,princessedecleves,vint,173
ducdenemours,princessedecleves,dit,173
ducdenemours,princessedecleves,vint,173
ducdenemours,princessedecleves,donnait,174
ducdenemours,princessedecleves,donnait,174
ducdenemours,princessedecleves,donnait,177
ducdenemours,princessedecleves,donnait,182
ducdenemours,princessedecleves,dit,184
ducdenemours,princessedecleves,dit,184
ducdenemours,princessedecleves,voyait,187
ducdenemours,princessedecleves,voyait,189
ducdenemours,princessedecleves,dit,191
ducdenemours,princessedecleves,regardait,191
ducdenemours,princessedecleves,donnait,191
ducdenemours,princessedecleves,donnait,191
ducdenemours,princessedecleves,donne,192
ducdenemours,princessedecleves,donne,192
ducdenemours,princessedecleves,dit,193
ducdenemours,princessedecleves,dit,193
ducdenemours,princessedecleves,dit,193
ducdenemours,princessedecleves,dit,193
ducdenemours,princessedecleves,voyait,194
ducdenemours,princessedecleves,donnait,194
ducdenemours,princessedecleves,dit,196
ducdenemours,princessedecleves,dit,196
ducdenemours,princessedecleves,vu,201
ducdenemours,princessedecleves,dit,201
ducdenemours,princessedecleves,vu,201
ducdenemours,princessedecleves,dit,204
ducdenemours,princessedecleves,dit,205
ducdenemours,princessedecleves,donne,213
ducdenemours,princessedecleves,donne,216
ducdenemours,princessedecleves,donne,216
ducdenemours,princessedecleves,donne,216
ducdenemours,princessedecleves,donne,216
ducdenemours,princessedecleves,vint,216
ducdenemours,princessedecleves,vu,216
ducdenemours,princessedecleves,dit,218
ducdenemours,princessedecleves,vint,218
ducdenemours,princessedecleves,vint,218
ducdenemours,princessedecleves,vint,218
ducdenemours,princessedecleves,vu,221
ducdenemours,princessedecleves,vint,221
ducdenemours,princessedecleves,vu,221
ducdenemours,princessedecleves,voyait,223
ducdenemours,princessedecleves,dit,223
ducdenemours,princessedecleves,vu,224
ducdenemours,princessedecleves,regardait,224
ducdenemours,princessedecleves,regardait,224
ducdenemours,princessedecleves,vu,224
ducdenemours,princessedecleves,dit,225
ducdenemours,princessedecleves,dit,225
ducdenemours,princessedecleves,dit,236
ducdenemours,princessedecleves,voyait,236
ducdenemours,princessedecleves,vint,237
ducdenemours,princessedecleves,vu,237
ducdenemours,princessedecleves,voyait,236
ducdenemours,princessedecleves,vint,237
ducdenemours,princessedecleves,vu,237
ducdenemours,princessedecleves,voyait,236
ducdenemours,princessedecleves,vint,237
ducdenemours,princessedecleves,vu,237
ducdenemours,princessedecleves,vint,237
ducdenemours,princessedecleves,vu,237
ducdenemours,princessedecleves,vint,237
ducdenemours,princessedecleves,vu,237
ducdenemours,princessedecleves,dit,237
ducdenemours,princessedecleves,vint,237
ducdenemours,princessedecleves,vu,237
ducdenemours,princessedecleves,dit,237
ducdenemours,princessedecleves,dit,237
ducdenemours,princessedecleves,dit,247
ducdenemours,princessedecleves,dit,251
navarre,monsieurdecleves,vu,84
cour,monsieurdeguise,dansait,98
cour,monsieurdeguise,donne,98
dauphine,connetable,donne,78
chevalierdeguise,princessedecleves,donnait,86
chevalierdeguise,princessedecleves,vu,87
chevalierdeguise,princessedecleves,donnait,86
chevalierdeguise,princessedecleves,voyait,88
chevalierdeguise,princessedecleves,donne,93
chevalierdeguise,princessedecleves,vu,95
chevalierdeguise,princessedecleves,vu,95
chevalierdeguise,princessedecleves,donne,99
chevalierdeguise,princessedecleves,donne,149
dauphine,ducdenemours,dit,108
dauphine,ducdenemours,dit,108
dauphine,ducdenemours,donne,109
dauphine,ducdenemours,dit,110
dauphine,ducdenemours,donnait,110
dauphine,ducdenemours,dit,111
dauphine,ducdenemours,rougit,111
dauphine,ducdenemours,rougit,111
dauphine,ducdenemours,dit,112
dauphine,ducdenemours,dit,112
dauphine,ducdenemours,dit,112
dauphine,ducdenemours,dit,113
dauphine,ducdenemours,vint,113
dauphine,ducdenemours,dit,114
dauphine,ducdenemours,dit,114
dauphine,ducdenemours,dit,129
dauphine,ducdenemours,vint,129
dauphine,ducdenemours,dit,130
dauphine,ducdenemours,dit,130
dauphine,ducdenemours,dit,130
dauphine,ducdenemours,donne,130
dauphine,ducdenemours,donnait,135
dauphine,ducdenemours,voyait,139
dauphine,ducdenemours,voyait,139
dauphine,ducdenemours,vint,144
dauphine,ducdenemours,vint,144
dauphine,ducdenemours,vint,144
dauphine,ducdenemours,dit,144
dauphine,ducdenemours,dit,148
dauphine,ducdenemours,dit,155
dauphine,ducdenemours,donne,155
dauphine,ducdenemours,vint,156
dauphine,ducdenemours,dit,165
dauphine,ducdenemours,dit,166
dauphine,ducdenemours,vu,166
dauphine,ducdenemours,dit,166
dauphine,ducdenemours,dit,168
dauphine,ducdenemours,dit,169
dauphine,ducdenemours,regardait,171
dauphine,ducdenemours,regardait,171
dauphine,ducdenemours,regardait,171
dauphine,ducdenemours,donne,171
dauphine,ducdenemours,dit,173
dauphine,ducdenemours,vint,173
dauphine,ducdenemours,donne,175
dauphine,ducdenemours,regardait,191
dauphine,ducdenemours,dit,192
dauphine,ducdenemours,donne,192
dauphine,ducdenemours,dit,193
dauphine,ducdenemours,dit,193
dauphine,ducdenemours,dit,196
dauphine,ducdenemours,dit,198
connetable,lorraine,donnait,79
madamedechartres,elisabeth,dit,146
cour,dauphine,donne,76
cour,dauphine,dit,110
cour,dauphine,voyait,139
cour,dauphine,vint,144
cour,dauphine,voyait,194
cour,dauphine,donnait,194
valentinois,ducdenemours,dit,196
valentinois,ducdenemours,dit,196
madamedechartres,conde,dit,111
dauphine,reine,voyait,108
dauphine,reine,dit,114
dauphine,reine,dit,114
dauphine,reine,dit,130
dauphine,reine,dit,148
dauphine,reine,dit,148
dauphine,reine,regardait,148
dauphine,reine,dit,166
dauphine,reine,vu,166
dauphine,reine,dit,166
dauphine,reine,dit,169
dauphine,reine,voyait,169
dauphine,reine,donnait,169
dauphine,reine,dit,169
dauphine,reine,dit,169
dauphine,reine,regardait,171
dauphine,reine,regardait,171
dauphine,reine,regardait,171
dauphine,reine,donne,171
dauphine,reine,dit,173
dauphine,reine,donne,173
dauphine,reine,regardait,191
dauphine,reine,donnait,191
dauphine,reine,dit,192
dauphine,reine,dit,193
vidamedechartres,reine,dit,148
vidamedechartres,reine,dit,148
vidamedechartres,reine,regardait,148
vidamedechartres,reine,dit,170
vidamedechartres,reine,dit,193
d'anville,dauphine,donnait,91
reine,martigues,dit,131
reine,martigues,dit,207
reine,martigues,dit,207
reine,martigues,dit,207
reine,martigues,donne,216
reine,martigues,donne,216
reine,martigues,donne,216
reine,martigues,donne,216
reine,martigues,donne,217
reine,martigues,donne,217
martigues,vidamedechartres,dit,193
dauphin,dauphine,vu,108
dauphin,dauphine,dit,111
madamedechartres,valentinois,donnait,91
martigues,dauphine,dit,191
martigues,dauphine,dit,191
martigues,dauphine,regardait,191
martigues,dauphine,donnait,191
martigues,dauphine,dit,191
martigues,dauphine,dit,191
martigues,dauphine,regardait,191
martigues,dauphine,donnait,191
martigues,dauphine,dit,193
sancerre,estouteville,donne,119
sancerre,estouteville,donnait,119
reine,chatelart,donne,90
reine,chatelart,donne,90
reine,chatelart,dit,148
reine,chatelart,regardait,148
reine,chatelart,dit,148
reine,chatelart,regardait,148
reine,chatelart,dit,156
reine,chatelart,dit,156
estouteville,tournon,dit,129
tournon,sancerre,donne,119
tournon,sancerre,donnait,119
tournon,sancerre,dit,121
tournon,sancerre,dit,121
tournon,sancerre,dit,121
tournon,sancerre,dit,121
tournon,sancerre,dit,121
tournon,sancerre,dit,122
tournon,sancerre,dit,122
tournon,sancerre,dit,126
tournon,sancerre,voyait,126
connetable,roi,dit,101
connetable,roi,dit,101
connetable,roi,vint,210
connetable,roi,vint,210
connetable,roi,dit,210
connetable,roi,vint,210
connetable,roi,vint,210
connetable,roi,vint,210
connetable,roi,dit,210
connetable,roi,vint,210
connetable,roi,dit,210
connetable,roi,vint,210
connetable,roi,dit,210
connetable,roi,vint,210
roi,elisabeth,dit,81
monsieurdecleves,reine,dit,137
monsieurdecleves,reine,dit,173
monsieurdecleves,reine,donne,173
monsieurdecleves,elisabeth,dit,146
monsieurdecleves,tournon,dit,118
monsieurdecleves,tournon,vint,118
monsieurdecleves,tournon,donnait,119
monsieurdecleves,tournon,donnait,119
monsieurdecleves,tournon,dit,124
monsieurdecleves,tournon,vu,124
monsieurdecleves,tournon,dit,146
reine,marechal,donne,78
reine,marechal,voyait,108
reine,marechal,voyait,108
reine,marechal,voyait,108
reine,marechal,donnait,110
reine,marechal,dit,110
reine,marechal,dit,111
reine,marechal,donne,162
reine,marechal,dit,188
princessedecleves,martigues,donne,212
princessedecleves,martigues,donne,216
princessedecleves,martigues,donne,216
princessedecleves,martigues,donne,216
princessedecleves,martigues,vu,217
princessedecleves,martigues,vu,217
princessedecleves,martigues,vu,217
princessedecleves,martigues,vu,217
princessedecleves,martigues,vu,217
princessedecleves,martigues,dit,233
ducdenemours,duchessedemercoeur,donnait,177
ducdenemours,duchessedemercoeur,donnait,177
ducdenemours,duchessedemercoeur,voyait,223
ducdenemours,duchessedemercoeur,vu,224
ducdenemours,duchessedemercoeur,dit,225
ducdenemours,duchessedemercoeur,dit,225
ducdenemours,duchessedemercoeur,dit,225
ducdenemours,valentinois,donnait,100
ducdenemours,valentinois,dit,196
duchessedemercoeur,ducdenemours,dit,224
duchessedemercoeur,ducdenemours,dit,224
duchessedemercoeur,ducdenemours,regardait,224
duchessedemercoeur,ducdenemours,regardait,224
duchessedemercoeur,ducdenemours,vu,224
gentilhomme,vidamedechartres,vint,156
gentilhomme,vidamedechartres,vint,156
connetable,navarre,dit,210
connetable,navarre,vint,210
valentinois,roi,donne,91
valentinois,roi,regardait,100
valentinois,roi,regardait,100
valentinois,roi,dit,103
valentinois,roi,donnait,103
valentinois,roi,donnait,106
valentinois,roi,vint,120
valentinois,roi,dit,120
valentinois,roi,vint,120
valentinois,roi,dit,196
chatelart,dauphine,dit,166
valentinois,marechal,vint,120
valentinois,marechal,donne,162
chevalierdeguise,reine,dit,148
chevalierdeguise,reine,dit,148
chevalierdeguise,reine,regardait,148
roi,vidamedechartres,dit,155
roi,vidamedechartres,dit,207
reine,madamedechartres,dit,101
reine,madamedechartres,vu,101
reine,madamedechartres,dit,110
sancerre,tournon,donnait,119
sancerre,tournon,dit,121
sancerre,tournon,dit,121
sancerre,tournon,dit,123
sancerre,tournon,dit,123
sancerre,tournon,dit,127
sancerre,cour,vint,120
princessedecleves,marechal,voyait,108
princessedecleves,marechal,dit,110
princessedecleves,marechal,dit,111
princessedecleves,marechal,dit,111
princessedecleves,marechal,dit,112
princessedecleves,marechal,dit,188
princessedecleves,marechal,dit,188
vidamedechartres,ducdenemours,dit,148
vidamedechartres,ducdenemours,dit,155
vidamedechartres,ducdenemours,donne,155
vidamedechartres,ducdenemours,dit,155
vidamedechartres,ducdenemours,dit,168
vidamedechartres,ducdenemours,dit,168
vidamedechartres,ducdenemours,dit,170
vidamedechartres,ducdenemours,donnait,174
vidamedechartres,ducdenemours,dit,198
vidamedechartres,ducdenemours,dit,198
dauphine,cour,dit,129
dauphine,cour,vint,129
dauphine,cour,vint,141
lorraine,d'anville,voyait,79
lorraine,d'anville,voyait,79
lorraine,d'anville,donne,90
roi,lorraine,donnait,79
roi,lorraine,dit,207
princessedecleves,connetable,vu,101
nevers,ducdenemours,dit,211
princessedecleves,ferrare,donne,155
monsieurdecleves,martigues,vu,217
monsieurdecleves,martigues,vu,217
ducdenemours,ferrare,donne,155
d'anville,valentinois,dit,120
d'anville,valentinois,donne,121
d'anville,princessedecleves,donnait,91
princessedecleves,reine,vu,83
princessedecleves,reine,dit,92
princessedecleves,reine,vu,101
princessedecleves,reine,vu,108
princessedecleves,reine,vu,108
princessedecleves,reine,voyait,108
princessedecleves,reine,dit,114
princessedecleves,reine,voyait,140
princessedecleves,reine,donnait,140
princessedecleves,reine,dit,148
princessedecleves,reine,dit,148
princessedecleves,reine,regardait,148
princessedecleves,reine,dit,166
princessedecleves,reine,dit,169
princessedecleves,reine,donnait,169
princessedecleves,reine,dit,169
princessedecleves,reine,dit,169
princessedecleves,reine,donne,171
princessedecleves,reine,dit,171
princessedecleves,reine,dit,171
princessedecleves,reine,dit,173
princessedecleves,reine,dit,173
princessedecleves,reine,dit,192
princessedecleves,reine,dit,193
princessedecleves,reine,dit,196
princessedecleves,reine,dit,196
princessedecleves,reine,donne,212
princessedecleves,reine,donne,236
princessedecleves,monsieurdecleves,donne,85
princessedecleves,monsieurdecleves,donne,86
princessedecleves,monsieurdecleves,dit,92
princessedecleves,monsieurdecleves,dit,93
princessedecleves,monsieurdecleves,donne,119
princessedecleves,monsieurdecleves,voyait,139
princessedecleves,monsieurdecleves,vint,144
princessedecleves,monsieurdecleves,voyait,145
princessedecleves,monsieurdecleves,dit,168
princessedecleves,monsieurdecleves,dit,169
princessedecleves,monsieurdecleves,donnait,178
princessedecleves,monsieurdecleves,donnait,178
princessedecleves,monsieurdecleves,donne,182
princessedecleves,monsieurdecleves,donne,182
princessedecleves,monsieurdecleves,dit,188
princessedecleves,monsieurdecleves,dit,188
princessedecleves,monsieurdecleves,dit,199
princessedecleves,monsieurdecleves,dit,199
princessedecleves,monsieurdecleves,donne,212
princessedecleves,monsieurdecleves,donne,212
princessedecleves,monsieurdecleves,vu,217
princessedecleves,monsieurdecleves,vu,217
princessedecleves,monsieurdecleves,vint,221
princessedecleves,monsieurdecleves,donnait,227
princessedecleves,monsieurdecleves,vint,227
dauphine,lignerolles,dit,130
dauphine,monsieurdeguise,dansait,98
dauphine,monsieurdeguise,donne,98
dauphin,princessedecleves,vu,108
tournon,roi,vint,120
poitiers,valentinois,donnait,75
roi,conde,dit,111
roi,conde,dit,210
roi,conde,dit,210
reine,connetable,donne,78
reine,connetable,voyait,79
reine,connetable,donnait,79
reine,connetable,voyait,79
reine,connetable,donnait,79
reine,connetable,voyait,79
reine,connetable,donnait,79
reine,connetable,donne,91
reine,connetable,dit,101
reine,connetable,vu,101
reine,connetable,voyait,209
chevalierdeguise,roi,donnait,140
chevalierdeguise,roi,dit,148
chevalierdeguise,roi,regardait,148
dauphin,ducdenemours,dit,111
roi,chirurgiens,dit,206
cour,dauphin,donne,76
lorraine,dauphine,donne,90
princessedecleves,cour,vint,118
princessedecleves,cour,dit,141
princessedecleves,cour,vint,141
princessedecleves,cour,donne,180
princessedecleves,cour,dit,188
princessedecleves,cour,dit,188
princessedecleves,cour,vint,226
dauphine,henri,vint,141
cour,chevalierdeguise,voyait,88
dauphin,martigues,dit,131
madamedechartres,chevalierdeguise,donne,86
madamedechartres,chevalierdeguise,voyait,88
madamedechartres,chevalierdeguise,donne,89
madamedechartres,chevalierdeguise,donne,89
madamedechartres,monsieurdecleves,dit,85
madamedechartres,monsieurdecleves,donne,86
madamedechartres,monsieurdecleves,dit,93
madamedechartres,monsieurdecleves,voyait,96
madamedechartres,monsieurdecleves,vint,113
madamedechartres,monsieurdecleves,dit,146
lorraine,ducdenemours,donne,217
martigues,reine,regardait,171
martigues,reine,dit,191
martigues,reine,regardait,191
martigues,reine,donnait,191
martigues,reine,dit,191
martigues,reine,regardait,191
martigues,reine,donnait,191
martigues,reine,dit,193
tournon,estouteville,donne,119
tournon,estouteville,donnait,119
roi,d'anville,vint,120
roi,d'anville,donne,120
roi,d'anville,donne,121
vidamedechartres,princessedecleves,dit,170
vidamedechartres,princessedecleves,donnait,174
vidamedechartres,princessedecleves,dit,193
vidamedechartres,princessedecleves,vu,201
vidamedechartres,princessedecleves,dit,201
vidamedechartres,princessedecleves,vu,201
dauphine,vidamedechartres,dit,155
dauphine,vidamedechartres,donne,155
dauphine,vidamedechartres,vint,156
dauphine,vidamedechartres,dit,166
dauphine,vidamedechartres,dit,173
dauphine,vidamedechartres,vint,173
dauphine,vidamedechartres,dit,193
dauphine,vidamedechartres,dit,193
dauphine,vidamedechartres,dit,193
dauphine,vidamedechartres,dit,193
dauphine,vidamedechartres,dit,198
monsieurdecleves,valentinois,vu,87
monsieurdecleves,valentinois,vu,87
monsieurdecleves,valentinois,vu,87
cour,reine,donne,76
cour,reine,donne,76
cour,reine,donne,76
cour,reine,dit,110
cour,reine,vint,143
cour,reine,vint,143
dauphine,gentilhomme,regardait,191
dauphine,gentilhomme,donnait,191
dauphine,gentilhomme,donnait,191
ferrare,vidamedechartres,dit,207
d'anville,sancerre,donne,121
monsieurdecleves,princessedecleves,dit,85
monsieurdecleves,princessedecleves,donnait,86
monsieurdecleves,princessedecleves,vu,87
monsieurdecleves,princessedecleves,vu,87
monsieurdecleves,princessedecleves,vu,87
monsieurdecleves,princessedecleves,donne,89
monsieurdecleves,princessedecleves,dit,93
monsieurdecleves,princessedecleves,voyait,94
monsieurdecleves,princessedecleves,voyait,94
monsieurdecleves,princessedecleves,voyait,95
monsieurdecleves,princessedecleves,vu,95
monsieurdecleves,princessedecleves,voyait,95
monsieurdecleves,princessedecleves,vu,95
monsieurdecleves,princessedecleves,vint,118
monsieurdecleves,princessedecleves,dit,118
monsieurdecleves,princessedecleves,vint,118
monsieurdecleves,princessedecleves,dit,118
monsieurdecleves,princessedecleves,vint,118
monsieurdecleves,princessedecleves,dit,144
monsieurdecleves,princessedecleves,dit,144
monsieurdecleves,princessedecleves,dit,145
monsieurdecleves,princessedecleves,donne,145
monsieurdecleves,princessedecleves,dit,155
monsieurdecleves,princessedecleves,dit,168
monsieurdecleves,princessedecleves,dit,168
monsieurdecleves,princessedecleves,dit,168
monsieurdecleves,princessedecleves,dit,168
monsieurdecleves,princessedecleves,dit,169
monsieurdecleves,princessedecleves,voyait,169
monsieurdecleves,princessedecleves,donne,173
monsieurdecleves,princessedecleves,donnait,178
monsieurdecleves,princessedecleves,donnait,178
monsieurdecleves,princessedecleves,voyait,189
monsieurdecleves,princessedecleves,dit,227
monsieurdecleves,princessedecleves,donnait,227
monsieurdecleves,princessedecleves,dit,227
chevalierdeguise,madamedechartres,donne,107
connetable,reine,voyait,79
connetable,reine,donnait,79
connetable,reine,dit,101
connetable,reine,vu,101
connetable,reine,dit,101
connetable,reine,vu,101
connetable,reine,donne,162
connetable,reine,dit,210
connetable,reine,vint,210
connetable,reine,dit,210
connetable,reine,vint,210
roi,monsieurdeguise,dit,138
roi,monsieurdeguise,vint,138
roi,monsieurdeguise,dit,155
connetable,madamedechartres,dit,101
connetable,madamedechartres,vu,101
cour,elisabeth,donne,76
roi,valentinois,vu,101
roi,valentinois,donnait,106
roi,valentinois,donnait,106
roi,valentinois,dit,120
roi,valentinois,donne,121
roi,valentinois,voyait,209
roi,valentinois,voyait,209
roi,valentinois,voyait,209
martigues,gentilhomme,dit,191
martigues,gentilhomme,regardait,191
martigues,gentilhomme,donnait,191
monsieurdecleves,nevers,vu,87
monsieurdecleves,nevers,vu,87
monsieurdecleves,nevers,vu,87
monsieurdecleves,nevers,vu,87
monsieurdecleves,nevers,donne,89
monsieurdecleves,nevers,donne,89
roi,poitiers,vu,101
monsieurdecleves,estouteville,donnait,119
estouteville,sancerre,dit,126
estouteville,sancerre,voyait,126
estouteville,sancerre,dit,129
valet,gentilhomme,dit,156
reine,tournon,voyait,209
reine,monsieurdecleves,donne,86
reine,monsieurdecleves,vint,144
reine,monsieurdecleves,dit,188
reine,monsieurdecleves,donne,217
valet,vidamedechartres,dit,156
dampierre,monsieurdecleves,dit,85
madamedechartres,reine,donnait,91
madamedechartres,reine,donnait,91
madamedechartres,reine,dit,101
madamedechartres,reine,vu,101
madamedechartres,reine,dit,112
madamedechartres,reine,dit,114
madamedechartres,reine,dit,114
princessedecleves,estouteville,donne,119
princessedecleves,estouteville,donnait,119
conde,ducdenemours,dit,108
conde,ducdenemours,dit,108
conde,ducdenemours,donne,109
conde,ducdenemours,dit,110
conde,ducdenemours,dit,110
conde,ducdenemours,rougit,111
conde,ducdenemours,rougit,111
ducdenemours,roi,dit,81
ducdenemours,roi,dit,81
ducdenemours,roi,donnait,100
ducdenemours,roi,dit,110
ducdenemours,roi,dit,130
ducdenemours,roi,dit,130
ducdenemours,roi,donne,130
ducdenemours,roi,dit,130
ducdenemours,roi,donne,130
ducdenemours,roi,dit,130
ducdenemours,roi,donnait,140
ducdenemours,roi,voyait,140
ducdenemours,roi,donnait,140
ducdenemours,roi,dit,148
ducdenemours,roi,regardait,148
ducdenemours,roi,dit,148
ducdenemours,roi,regardait,148
ducdenemours,roi,dit,148
ducdenemours,roi,regardait,148
ducdenemours,roi,donne,149
ducdenemours,roi,vint,150
ducdenemours,roi,vu,150
ducdenemours,roi,donnait,150
ducdenemours,roi,donne,155
ducdenemours,roi,dit,168
ducdenemours,roi,donnait,177
ducdenemours,roi,vint,186
ducdenemours,roi,dit,188
ducdenemours,roi,dit,191
ducdenemours,roi,regardait,191
ducdenemours,roi,donnait,191
ducdenemours,roi,donnait,191
ducdenemours,roi,dit,196
ducdenemours,roi,dit,205
montgomery,roi,dit,206
cour,tournon,dit,118
monsieurdecleves,vidamedechartres,dit,155
monsieurdecleves,vidamedechartres,dit,168
monsieurdecleves,vidamedechartres,dit,198
valentinois,connetable,voyait,79
valentinois,connetable,donnait,79
d'anville,lignerolles,dit,130
montgomery,chirurgiens,dit,206
henri,ducdenemours,vint,144
roi,dauphine,donnait,91
roi,dauphine,vu,108
roi,dauphine,donne,109
roi,dauphine,dit,111
roi,dauphine,dit,139
roi,dauphine,voyait,139
roi,dauphine,dit,196
chevalierdeguise,monsieurdecleves,donnait,86
chevalierdeguise,monsieurdecleves,donnait,86
chevalierdeguise,monsieurdecleves,donnait,86
monsieurdecleves,dauphine,dit,168
roi,marechal,vint,120
roi,marechal,donne,120
roi,marechal,donne,162
roi,marechal,donne,162
roi,marechal,donne,162
roi,marechal,vint,186
roi,marechal,donnait,185
marechal,ducdenemours,dit,108
marechal,ducdenemours,dit,110
marechal,ducdenemours,rougit,111
marechal,ducdenemours,rougit,111
marechal,ducdenemours,dit,188
marechal,ducdenemours,dit,188
valet,reine,dit,156
valet,reine,vint,156
valet,reine,dit,156
valet,reine,vint,156
valentinois,dauphine,donnait,91
valentinois,dauphine,dit,196
valentinois,dauphine,dit,196
d'ecosse,d'anville,voyait,79
d'ecosse,d'anville,donnait,79
cour,martigues,donne,216
cour,martigues,donne,216
cour,martigues,donne,216
cour,martigues,donne,217
monsieurdecleves,madamedechartres,dit,85
monsieurdecleves,madamedechartres,vint,84
monsieurdecleves,madamedechartres,vu,87
monsieurdecleves,madamedechartres,donne,89
monsieurdecleves,madamedechartres,dit,129
roi,martigues,dit,131
roi,martigues,dit,131
roi,martigues,dit,207
roi,martigues,donne,216
roi,martigues,donne,216
ducdenemours,conde,dit,110
ducdenemours,conde,donnait,110
estouteville,princessedecleves,dit,129
roi,francois,vu,84
roi,francois,vu,84
roi,francois,vu,84
princessedecleves,roi,donne,91
princessedecleves,roi,dit,92
princessedecleves,roi,regardait,100
princessedecleves,roi,regardait,100
princessedecleves,roi,dit,101
princessedecleves,roi,dit,108
princessedecleves,roi,voyait,108
princessedecleves,roi,dit,108
princessedecleves,roi,voyait,140
princessedecleves,roi,donnait,140
princessedecleves,roi,dit,141
princessedecleves,roi,vint,141
princessedecleves,roi,dit,148
princessedecleves,roi,regardait,148
princessedecleves,roi,dit,148
princessedecleves,roi,regardait,148
princessedecleves,roi,donne,149
princessedecleves,roi,donnait,177
princessedecleves,roi,dit,188
princessedecleves,roi,dit,188
princessedecleves,roi,dit,196
princessedecleves,roi,dit,196
princessedecleves,roi,dit,196
princessedecleves,roi,dit,205
princessedecleves,roi,donne,236
cour,d'ecosse,donne,76
valentinois,madamedechartres,regardait,100
reine,valet,dit,156
reine,valet,vint,156
princessedecleves,gentilhomme,vint,221
princessedecleves,gentilhomme,vint,221
lorraine,nevers,donne,89
lorraine,nevers,donne,89
lorraine,nevers,donne,89
cour,madamedechartres,dit,85
cour,madamedechartres,vint,84
cour,madamedechartres,regardait,100
cour,madamedechartres,donne,180
madamedechartres,princessedecleves,dit,85
madamedechartres,princessedecleves,dit,85
madamedechartres,princessedecleves,donne,86
madamedechartres,princessedecleves,donnait,86
madamedechartres,princessedecleves,voyait,88
madamedechartres,princessedecleves,donne,89
madamedechartres,princessedecleves,donnait,91
madamedechartres,princessedecleves,dit,93
madamedechartres,princessedecleves,voyait,94
madamedechartres,princessedecleves,dit,101
madamedechartres,princessedecleves,dit,101
madamedechartres,princessedecleves,dit,111
madamedechartres,princessedecleves,dit,111
madamedechartres,princessedecleves,dit,112
madamedechartres,princessedecleves,vint,113
monsieurdecleves,ferrare,dit,155
monsieurdecleves,ferrare,donne,155
ferrare,lorraine,dit,207
roi,princessedecleves,donnait,91
roi,princessedecleves,voyait,94
roi,princessedecleves,dit,98
roi,princessedecleves,dit,101
roi,princessedecleves,vu,108
roi,princessedecleves,dit,111
roi,princessedecleves,dit,129
roi,princessedecleves,dit,139
roi,princessedecleves,dit,139
roi,princessedecleves,dit,139
roi,princessedecleves,dit,150
roi,princessedecleves,dit,155
roi,princessedecleves,dit,168
roi,princessedecleves,donnait,178
roi,princessedecleves,donnait,178
roi,princessedecleves,dit,196
roi,princessedecleves,donne,216
roi,princessedecleves,donne,216
roi,princessedecleves,dit,236
valentinois,martigues,donne,216
roi,ferrare,dit,155
roi,ferrare,donne,155
monsieurdecleves,cour,donne,89
monsieurdecleves,cour,vint,118
monsieurdecleves,cour,vint,118
monsieurdecleves,cour,donne,180
monsieurdecleves,cour,vint,186
monsieurdecleves,cour,donnait,185
reine,roi,donne,78
reine,roi,donne,91
reine,roi,donne,91
reine,roi,donne,91
reine,roi,donne,91
reine,roi,dit,101
reine,roi,dit,108
reine,roi,voyait,108
reine,roi,dit,108
reine,roi,dit,110
reine,roi,dit,130
reine,roi,donne,130
reine,roi,dit,138
reine,roi,vu,138
reine,roi,dit,138
reine,roi,vu,138
reine,roi,vu,141
reine,roi,dansait,141
reine,roi,vu,141
reine,roi,dansait,141
reine,roi,vu,141
reine,roi,dansait,141
reine,roi,dit,148
reine,roi,regardait,148
reine,roi,dit,148
reine,roi,regardait,148
reine,roi,dit,148
reine,roi,regardait,148
reine,roi,dit,148
reine,roi,regardait,148
reine,roi,dit,148
reine,roi,regardait,148
reine,roi,vint,150
reine,roi,vu,150
reine,roi,donnait,150
reine,roi,dit,188
reine,roi,donnait,191
reine,roi,dit,196
reine,roi,vint,210
reine,roi,vint,210
reine,roi,dit,210
reine,roi,dit,210
reine,roi,dit,210
reine,roi,dit,210
henri,cour,vint,141
cour,monsieurdecleves,voyait,139
cour,monsieurdecleves,vint,144
cour,monsieurdecleves,voyait,145
cour,monsieurdecleves,donne,217
lorraine,princessedecleves,donne,89
lorraine,princessedecleves,donne,89
lorraine,princessedecleves,donne,217
lorraine,princessedecleves,donne,217
lorraine,connetable,voyait,79
lorraine,connetable,voyait,79
roi,chevalierdeguise,vint,186
roi,chevalierdeguise,donnait,185
d'anville,marechal,dit,120
reine,gentilhomme,donne,90
reine,gentilhomme,dit,156
reine,gentilhomme,dit,156
reine,gentilhomme,donnait,191
roi,chatelart,dit,148
roi,chatelart,regardait,148
cour,dampierre,dit,85
cour,dampierre,vint,84
gentilhomme,ducdenemours,vint,156
gentilhomme,ducdenemours,dit,218
gentilhomme,ducdenemours,dit,218
navarre,henri,vu,141
navarre,henri,dansait,141
estouteville,monsieurdecleves,dit,129
monsieurdecleves,duchessedemercoeur,donnait,177
chatelart,princessedecleves,dit,166
chatelart,princessedecleves,dit,168
chatelart,princessedecleves,dit,168
chatelart,princessedecleves,vint,173
marechal,princessedecleves,vu,108
ducdenemours,martigues,dit,131
ducdenemours,martigues,dit,131
ducdenemours,martigues,dit,207
ducdenemours,martigues,dit,207
ducdenemours,martigues,donne,216
ducdenemours,martigues,donne,216
ducdenemours,martigues,donne,216
ducdenemours,martigues,vu,217
ducdenemours,martigues,vu,217
ducdenemours,martigues,vu,217
